{
  "project_info": {
    "project_number": "845922892916",
    "project_id": "proyecto-dsm-grupo1",
    "storage_bucket": "proyecto-dsm-grupo1.firebasestorage.app"
  },
  "client": [
    {
      "client_info": {
        "mobilesdk_app_id": "1:845922892916:android:36bd7bd27ee9c7dab7a521",
        "android_client_info": {
          "package_name": "com.example.proyecto_dsm_grupo1"
        }
      },
      "oauth_client": [],
      "api_key": [
        {
          "current_key": "AIzaSyCuhCLQOTTT6fVPuFvxFavs4FWZEw3zNg4"
        }
      ],
      "services": {
        "appinvite_service": {
          "other_platform_oauth_client": []
        }
      }
    }
  ],
  "configuration_version": "1"
}